{"cameraMode":{"drawMode":0,"name":"Shaded","section":"Shading Mode"},"sceneLighting":true,"audioPlay":false,"sceneViewState":{"m_AlwaysRefresh":false,"showFog":true,"showSkybox":false,"showFlares":true,"showImageEffects":true,"showParticleSystems":true,"showVisualEffectGraphs":true,"m_FxEnabled":true},"in2DMode":false,"pivot":{"x":-10.98033332824707,"y":13.369405746459961,"z":18.195650100708009},"rotation":{"x":-0.022086944431066514,"y":-0.9596713185310364,"z":0.269019216299057,"w":-0.07876434177160263},"size":0.4481385052204132,"orthographic":false}