{"cameraMode":{"drawMode":0,"name":"Shaded","section":"Shading Mode"},"sceneLighting":true,"audioPlay":false,"sceneViewState":{"m_AlwaysRefresh":false,"showFog":true,"showSkybox":false,"showFlares":true,"showImageEffects":true,"showParticleSystems":true,"showVisualEffectGraphs":true,"m_FxEnabled":true},"in2DMode":false,"pivot":{"x":-11.665278434753418,"y":17.39029312133789,"z":23.994274139404298},"rotation":{"x":0.004318635910749435,"y":-0.960727870464325,"z":0.2771042287349701,"w":0.014997470192611218},"size":0.7130815982818604,"orthographic":false}